,0
0,CCGACAAGAGC+GCUCUCGG
1,CCGACACGAGC+GCUCUCGG
2,CCGACAGGAGC+GCUCUCGG
3,CCGACAUGAGC+GCUCUCGG
4,CCGACCAGAGC+GCUCUCGG
5,CCGACCCGAGC+GCUCUCGG
6,CCGACCGGAGC+GCUCUCGG
7,CCGACCUGAGC+GCUCUCGG
8,CCGACGAGAGC+GCUCUCGG
9,CCGACGCGAGC+GCUCUCGG
10,CCGACGGGAGC+GCUCUCGG
11,CCGACGUGAGC+GCUCUCGG
12,CCGACUAGAGC+GCUCUCGG
13,CCGACUCGAGC+GCUCUCGG
14,CCGACUGGAGC+GCUCUCGG
15,CCGACUUGAGC+GCUCUCGG
16,CCGAAAAGAGC+GCUCUCGG
17,CCGAAACGAGC+GCUCUCGG
18,CCGAAAGGAGC+GCUCUCGG
19,CCGAAAUGAGC+GCUCUCGG
20,CCGAACAGAGC+GCUCUCGG
21,CCGAACCGAGC+GCUCUCGG
22,CCGAACGGAGC+GCUCUCGG
23,CCGAACUGAGC+GCUCUCGG
24,CCGAAGAGAGC+GCUCUCGG
25,CCGAAGCGAGC+GCUCUCGG
26,CCGAAGGGAGC+GCUCUCGG
27,CCGAAGUGAGC+GCUCUCGG
28,CCGAAUAGAGC+GCUCUCGG
29,CCGAAUCGAGC+GCUCUCGG
30,CCGAAUGGAGC+GCUCUCGG
31,CCGAAUUGAGC+GCUCUCGG
32,CCGAUAAGAGC+GCUCUCGG
33,CCGAUACGAGC+GCUCUCGG
34,CCGAUAGGAGC+GCUCUCGG
35,CCGAUAUGAGC+GCUCUCGG
36,CCGAUCAGAGC+GCUCUCGG
37,CCGAUCCGAGC+GCUCUCGG
38,CCGAUCGGAGC+GCUCUCGG
39,CCGAUCUGAGC+GCUCUCGG
40,CCGAUGAGAGC+GCUCUCGG
41,CCGAUGCGAGC+GCUCUCGG
42,CCGAUGGGAGC+GCUCUCGG
43,CCGAUGUGAGC+GCUCUCGG
44,CCGAUUAGAGC+GCUCUCGG
45,CCGAUUCGAGC+GCUCUCGG
46,CCGAUUGGAGC+GCUCUCGG
47,CCGAUUUGAGC+GCUCUCGG
48,CCGAGAAGAGC+GCUCUCGG
49,CCGAGACGAGC+GCUCUCGG
50,CCGAGAGGAGC+GCUCUCGG
51,CCGAGAUGAGC+GCUCUCGG
52,CCGAGCAGAGC+GCUCUCGG
53,CCGAGCCGAGC+GCUCUCGG
54,CCGAGCGGAGC+GCUCUCGG
55,CCGAGCUGAGC+GCUCUCGG
56,CCGAGGAGAGC+GCUCUCGG
57,CCGAGGCGAGC+GCUCUCGG
58,CCGAGGGGAGC+GCUCUCGG
59,CCGAGGUGAGC+GCUCUCGG
60,CCGAGUAGAGC+GCUCUCGG
61,CCGAGUCGAGC+GCUCUCGG
62,CCGAGUGGAGC+GCUCUCGG
63,CCGAGUUGAGC+GCUCUCGG
